<?xml version="1.0" encoding="utf-8"?>
<c3p0-config>
  <default-config>
    <property name="driverClass">com.mysql.jdbc.Driver</property>
    <property name="jdbcUrl">jdbc:mysql://175.24.74.107:3306/webdb?useUnicode=true&amp;characterEncoding=UTF-8</property>
    <property name="user">root</property>
    <property name="password">&amp;shieshuyuan21</property>

    <property name="acquireIncrement">5</property>
    <property name="initialPoolSize">20</property>
    <property name="minPoolSize">2</property>
    <property name="maxPoolSize">40</property>
    <property name="checkoutTimeout">10000</property>
  </default-config>

  <named-config name="otherc3p0"> 
  </named-config>
</c3p0-config>